Workbook

Sheet Form Responses 1
A1: Timestamp | B1: student name | C1: class | D1: Email | E1: fees status
A2: 46167.075 | B2: poonam | C2: 2nd year | D2: poonampoddar230520005@gmail.com | E2: paid
A3: 46167.075 | B3: Niraj | C3: 2nd year | D3: ggopg46@gmail.com | E3: paid
A4: 46167.076 | B4: Nikhil | C4: 3rd year | D4: Nikhil@gmail | E4: unpaid
A5: 46167.076 | B5: Priyanka | C5: 3rd year | D5: Priya@gmail.com | E5: paid
A6: 46167.076 | B6: Ravi | C6: 4 year | D6: Ravi@gmail.com | E6: paid
A7: 46167.08 | B7: Usha | C7: 4 year | D7: Usha@gmail.com | E7: unpaid
A8: 46167.13 | B8: Bobby | C8: 1st year | D8: Bobby@gmail.com | E8: unpaid
A9: 46167.131 | B9: Dadu | C9: 4 year | D9: Dadu@gmail.com | E9: paid
A10: 46167.468 | B10: Nik | C10: 4 year | D10: Ushadevi@gmsil.com | E10: paid

Sheet calculation
A1: Total Students | B1: =COUNTA('Form Responses 1'!B2:B1000) -> 9
A2: Paid Students | B2: =COUNTIF('Form Responses 1'!E2:E1000,"Paid") -> 6
A3: Pending Students | B3: =COUNTIF('Form Responses 1'!E2:E1000,"Pending") -> 0
A4: Total Classes | B4: {=COUNTA(UNIQUE('Form Responses 1'!C2:C1000))} -> 4
A5: Today's Responses | B5: =COUNTIF(INT('Form Responses 1'!A2:A1000),TODAY()) -> 1
A6: Latest Student | B6: {=INDEX('Form Responses 1'!B:B,COUNTA('Form Responses 1'!B:B))} -> Nik
A8: =IFERROR(__xludf.DUMMYFUNCTION("QUERY('Form Responses 1'!B:E,""SELECT C,COUNT(B) WHERE C IS NOT NULL GROUP BY C LABEL C 'Class', COUNT(B) 'Total Students'"",1)"),"Class") -> Class | B8: =IFERROR(__xludf.DUMMYFUNCTION("""COMPUTED_VALUE"""),"Total Students") -> Total Students | D8: =IFERROR(__xludf.DUMMYFUNCTION("QUERY('Form Responses 1'!B:E,""SELECT E,COUNT(E) WHERE E IS NOT NULL GROUP BY E LABEL E 'Fees Status', COUNT(E) 'Count'"",1)"),"Fees Status") -> Fees Status | E8: =IFERROR(__xludf.DUMMYFUNCTION("""COMPUTED_VALUE"""),"Count") -> Count
A9: =IFERROR(__xludf.DUMMYFUNCTION("""COMPUTED_VALUE"""),"1st year") -> 1st year | B9: =IFERROR(__xludf.DUMMYFUNCTION("""COMPUTED_VALUE"""),1.0) -> 1 | D9: =IFERROR(__xludf.DUMMYFUNCTION("""COMPUTED_VALUE"""),"paid") -> paid | E9: =IFERROR(__xludf.DUMMYFUNCTION("""COMPUTED_VALUE"""),6.0) -> 6
A10: =IFERROR(__xludf.DUMMYFUNCTION("""COMPUTED_VALUE"""),"2nd year") -> 2nd year | B10: =IFERROR(__xludf.DUMMYFUNCTION("""COMPUTED_VALUE"""),2.0) -> 2 | D10: =IFERROR(__xludf.DUMMYFUNCTION("""COMPUTED_VALUE"""),"unpaid") -> unpaid | E10: =IFERROR(__xludf.DUMMYFUNCTION("""COMPUTED_VALUE"""),3.0) -> 3
A11: =IFERROR(__xludf.DUMMYFUNCTION("""COMPUTED_VALUE"""),"3rd year") -> 3rd year | B11: =IFERROR(__xludf.DUMMYFUNCTION("""COMPUTED_VALUE"""),2.0) -> 2
A12: =IFERROR(__xludf.DUMMYFUNCTION("""COMPUTED_VALUE"""),"4 year") -> 4 year | B12: =IFERROR(__xludf.DUMMYFUNCTION("""COMPUTED_VALUE"""),4.0) -> 4

Sheet dashboard
B1: =Calculations!B1 -> #REF!
B2: =Calculations!B2 -> #REF!
B3: =Calculations!B3 -> #REF!
B4: =Calculations!B4 -> #REF!

Sheet Chart1
